Festival/Fair Name,Type,Region/District,Time/Month,Duration,Core Description,Cultural Significance
Chhath Puja,Festival,Entire Bihar; also UP/MP/Chhattisgarh,"May–June (Chaiti), Oct–Nov (Kartik)","4 days","Ancient Vedic sun-worship festival celebrated twice a year; devotees observe fasts and offer prayers to the Sun God at rivers, ponds, and lakes","Most important festival of Bihar; symbolizes faith, community participation, and gratitude to nature"
Sonepur Fair,Fair,Sonepur (Saran district),"Oct–Nov (Kartik Purnima)","~14 days","One of Asia’s largest cattle fairs; major trade center for elephants, horses, and other animals","Global attraction; blends religion, commerce, and rural culture"
Makar Sankranti Fair,Fair,Rajgir (Nalanda district),Mid-January (Paush),Several days,"Religious fair with holy bathing at hot springs and temple worship","Associated with harvest season and spiritual cleansing"
Baunsi Mela (Makar Sankranti),Fair,Mandar Hills (Banka district),Mid-January (Paush),"15 days","Pilgrimage fair linked with Mandar Hill during Makar Sankranti","Historic and religious significance tied to Hindu mythology"
Bihula (Bishahari Puja),Festival,Bhagalpur and eastern Bihar,Aug–Sep,Varies,"Festival centered on the legend of Bihula; worship of Goddess Manasa for protection from snake bites","Preserves folklore and Manjusha painting tradition"
Madhushravani,Festival,Mithila region (Madhubani, Darbhanga),Jul–Aug (Shravan),"15 days","Festival performed mainly by newly married women involving snake worship rituals","Symbol of marital harmony and Mithila cultural identity"
Sama-Chakeva,Festival,Mithila region,Nov–Dec,Several days,"Festival celebrating brother-sister relationship using clay idols and folk songs","Strengthens sibling bonds and preserves Maithili folk traditions"
Ram Navami,Festival,Entire Bihar,Mar–Apr (Chaitra Navami),"1 day (with 7-day fasts)","Celebration of the birth of Lord Rama with prayers, fasting, and temple decorations","Major devotional festival reinforcing religious traditions"
Shravani Mela,Fair,Sultanganj (Bhagalpur) to Deoghar (Jharkhand),Jul–Aug (Shravan),Entire Shravan month,"Pilgrimage where devotees carry Ganga water barefoot to offer at Shiva temples","Mass religious movement symbolizing devotion and endurance"
Saurath Sabha,Cultural Fair,Saurath village (Madhubani),June,"15 days","Traditional matrimonial gathering of Mithila Brahmins for horoscope-based marriages","Unique socio-cultural institution preserving marriage customs"
Rajgir Mahotsav,Cultural Festival,Rajgir (Nalanda district),Last week of December,Several days,"Festival of classical and folk music, dance, handicrafts, and local cuisine","Showcases Bihar’s artistic heritage and boosts cultural tourism"
Bodh Mahotsav,Cultural Festival,Bodh Gaya,Varies,Several days,"Festival celebrating Buddhist heritage with cultural programs","Highlights Bihar’s global Buddhist legacy"
Mandar Mahotsav,Cultural Festival,Banka,Varies,Several days,"Cultural festival near Mandar Hills","Promotes local heritage and tourism"
Surya Festival,Festival,Deo (Aurangabad district),Varies,Several days,"Festival dedicated to Sun worship at Deo Sun Temple","Ancient solar worship tradition"
Baba Koteswar Mahadev Festival,Religious Festival,Bela (Gaya district),Varies,Several days,"Festival dedicated to Lord Shiva","Regional Shiva devotion and pilgrimage"
Singheshwar Mahotsav,Religious Festival,Madhepura,Varies,Several days,"Festival at Singheshwar Shiva temple","Important Shaivite pilgrimage"
Koshi Festival,Cultural Festival,Saharsa,Varies,Several days,"Festival celebrating Koshi river region culture","Regional cultural identity"
Vaishali Festival,Cultural Festival,Vaishali,Varies,Several days,"Cultural festival highlighting ancient Vaishali","Celebrates historical significance"
Mundeshwari Festival,Religious Festival,Kaimur,Varies,Several days,"Festival at Mundeshwari Devi temple","One of India’s oldest temples; Shakti worship"
Thawe Festival,Religious Festival,Gopalganj,Varies,Several days,"Festival at Thawe Durga temple","Major Shakti pilgrimage"
Vikramshila Festival,Cultural Festival,Bhagalpur,Varies,Several days,"Festival commemorating ancient Vikramshila University","Educational and cultural revival"
Patna Saheb Festival,Religious Festival,Patna,Varies,Several days,"Festival at Takht Sri Patna Sahib","Sikh religious significance"
Sitamarhi Festival,Cultural Festival,Sitamarhi,Varies,Several days,"Festival linked with birthplace of Goddess Sita","Ramayana heritage celebration"
Lachhuar Festival,Religious Festival,Jamui,Varies,Several days,"Jain pilgrimage festival","Important Jain religious site"
Sufi Festival,Cultural Festival,Maner (Patna),Varies,Several days,"Festival celebrating Sufi traditions","Promotes communal harmony"
Sufi Festival,Cultural Festival,Kako,Varies,Several days,"Sufi devotional festival","Spiritual and cultural integration"
Ugratara Festival,Religious Festival,Mahishi (Saharsa),Varies,Several days,"Festival dedicated to Goddess Ugratara","Shakti worship"
Vanabar Festival,Cultural Festival,Barabar (Jehanabad),Varies,Several days,"Festival near ancient Barabar caves","Historical and cultural tourism"
Ahilya Gautam Festival,Cultural Festival,Darbhanga,Varies,Several days,"Cultural festival honoring Ahilya Gautam","Mythological heritage"
Mithila Lok Festival,Cultural Festival,Darbhanga,Varies,Several days,"Festival showcasing Mithila folk art and culture","Preservation of Mithila identity"
Munger Festival,Cultural Festival,Munger,Varies,Several days,"District-level cultural festival","Local heritage promotion"
